0,1,2,3,4,5,6,7,8,9,10,11,12,13,14,15,16,17,18,19,20,21,22,23,24,25,26,27,28,29,30,31,32
0.9999672174453735,0.9999285936355591,0.9999500513076782,0.9999544620513916,0.9998354911804199,0.9998438358306885,0.9997475743293762,0.9999722242355347,0.9996077418327332,0.9999773502349854,0.9999313354492188,0.9999741315841675,0.9995688796043396,0.9804500341415405,0.928435742855072,0.9587594270706177,0.9109048247337341,0.9280810356140137,0.8877443671226501,0.9280717968940735,0.8793143630027771,0.9241054654121399,0.8452143669128418,0.9997878670692444,0.9995842576026917,0.9788700342178345,0.9893185496330261,0.8882037997245789,0.918923556804657,0.6831880211830139,0.6963927745819092,0.8064112067222595,0.8830000162124634
0.999213457107544,0.9980637431144714,0.9980985522270203,0.997962474822998,0.9975510239601135,0.9967610239982605,0.9966318011283875,0.9964206218719482,0.9939544796943665,0.9986733198165894,0.9981216788291931,0.9996609687805176,0.9997407793998718,0.8727492094039917,0.8091839551925659,0.6910339593887329,0.8464667201042175,0.6558009386062622,0.8112050890922546,0.6825513243675232,0.8247275948524475,0.6643195748329163,0.8100071549415588,0.997250497341156,0.9969460368156433,0.29986679553985596,0.4166592061519623,0.5224108695983887,0.49537402391433716,0.45345473289489746,0.45825254917144775,0.6385297179222107,0.60235595703125
0.9999892711639404,0.9999915361404419,0.9999927282333374,0.9999886751174927,0.99998939037323,0.9999902248382568,0.9999847412109375,0.9999945163726807,0.9999964237213135,0.9999862909317017,0.9999853372573853,0.999208390712738,0.9995386600494385,0.9994764924049377,0.9992226362228394,0.9992651343345642,0.9994589686393738,0.9985787868499756,0.9981689453125,0.9984569549560547,0.9978692531585693,0.998487114906311,0.9980744123458862,0.9999421834945679,0.9998713731765747,0.8868488073348999,0.8632586598396301,0.034227438271045685,0.015820002183318138,0.04915250092744827,0.027027759701013565,0.010426674038171768,0.006290057208389044
0.9964285492897034,0.9935829043388367,0.9925662279129028,0.99346524477005,0.9927454590797424,0.9876936674118042,0.9880691170692444,0.9888191819190979,0.9744715690612793,0.9893603324890137,0.9856363534927368,0.9985641837120056,0.9925772547721863,0.9143733978271484,0.6901994347572327,0.9294582605361938,0.616251528263092,0.8925967216491699,0.5833975672721863,0.8913527131080627,0.5996003746986389,0.8525446653366089,0.5726731419563293,0.9891619682312012,0.9876207709312439,0.4615432620048523,0.5705263614654541,0.4295613765716553,0.5800243020057678,0.34079787135124207,0.43406596779823303,0.479207843542099,0.5294108390808105
0.9998772144317627,0.9998924732208252,0.9998555183410645,0.9998995065689087,0.9997380375862122,0.9996236562728882,0.9996993541717529,0.9999021291732788,0.9998621940612793,0.999950647354126,0.9999321699142456,0.9999140501022339,0.9998165965080261,0.9976199269294739,0.9997856020927429,0.997961163520813,0.997280478477478,0.9920451641082764,0.9771689176559448,0.9912592768669128,0.9737992882728577,0.9896795749664307,0.9792259931564331,0.9757542610168457,0.976502001285553,0.024813247844576836,0.02746690809726715,0.0010043986840173602,0.0010375352576375008,0.0014182963641360402,0.0015553234843537211,0.00046357783139683306,0.001171793439425528
0.9937738180160522,0.9890313744544983,0.9838098287582397,0.9828991889953613,0.9932780861854553,0.9913570880889893,0.9945823550224304,0.9913604855537415,0.9965847730636597,0.9932883381843567,0.9929364323616028,0.9851283431053162,0.9919463992118835,0.988430380821228,0.9927242398262024,0.8666427731513977,0.9854080080986023,0.5589743256568909,0.9364016652107239,0.5251657962799072,0.9233411550521851,0.5599627494812012,0.9115473031997681,0.996985137462616,0.998150110244751,0.4632319509983063,0.6670858860015869,0.03627326712012291,0.06997379660606384,0.04899754747748375,0.07145191729068756,0.03205272555351257,0.06521465629339218
0.999942421913147,0.9998743534088135,0.9998937845230103,0.999850869178772,0.9998949766159058,0.9999043941497803,0.9998879432678223,0.9999181032180786,0.9999114274978638,0.9998558759689331,0.9997825026512146,0.9996225833892822,0.9998977184295654,0.9998914003372192,0.9998816251754761,0.9998823404312134,0.9999159574508667,0.99951171875,0.9994311928749084,0.9993818998336792,0.9992640614509583,0.9995536208152771,0.9994131326675415,0.9999929666519165,0.9999954700469971,0.3169028162956238,0.6810699105262756,0.00010504322563065216,0.00033342273673042655,0.00033544684993103147,0.0004754122637677938,7.381800969596952e-05,0.00023866181436460465
0.999924898147583,0.9998842477798462,0.9998823404312134,0.9998742341995239,0.999817430973053,0.9998181462287903,0.9998237490653992,0.9999154806137085,0.9996310472488403,0.9999587535858154,0.9999204874038696,0.9997168183326721,0.9988338351249695,0.9931265115737915,0.9729675650596619,0.9826499819755554,0.9897567629814148,0.9525558948516846,0.9814867377281189,0.957850456237793,0.9841124415397644,0.9619122743606567,0.9816976189613342,0.9981415271759033,0.9971755743026733,0.6591119170188904,0.4892556965351105,0.09459872543811798,0.0662216767668724,0.1446525603532791,0.059105660766363144,0.08649573475122452,0.05091973394155502
0.9999573230743408,0.9999281167984009,0.9999234676361084,0.9999216794967651,0.9998681545257568,0.999853253364563,0.9998130202293396,0.9999467134475708,0.9997275471687317,0.9999663829803467,0.9998914003372192,0.9999688863754272,0.9992594122886658,0.9853044152259827,0.8571803569793701,0.9870255589485168,0.9466353058815002,0.9681243896484375,0.93035888671875,0.9697810411453247,0.9290332198143005,0.9647971391677856,0.9101572632789612,0.9997095465660095,0.9994459748268127,0.7170522809028625,0.6078180074691772,0.6571206450462341,0.6842597126960754,0.5023368000984192,0.4337199926376343,0.680428147315979,0.6978098154067993
0.9998935461044312,0.9997219443321228,0.9997003078460693,0.9996277093887329,0.9997207522392273,0.9997032284736633,0.999688982963562,0.9995571970939636,0.999670147895813,0.9998371601104736,0.9998800754547119,0.9999364614486694,0.9999028444290161,0.9395610690116882,0.9824839234352112,0.8380552530288696,0.9716326594352722,0.7575790882110596,0.9451099634170532,0.7660256028175354,0.9430083632469177,0.7483488917350769,0.9180680513381958,0.9994874000549316,0.9990108013153076,0.5897008776664734,0.42169389128685,0.573072075843811,0.47921431064605713,0.39744776487350464,0.33986377716064453,0.5842725038528442,0.5329912900924683
0.9985992312431335,0.9973124265670776,0.9965705871582031,0.9972130656242371,0.9983741044998169,0.9978982210159302,0.9985259175300598,0.9982810020446777,0.9987587928771973,0.9995372295379639,0.9996200799942017,0.9981465339660645,0.9993615746498108,0.9905863404273987,0.9973541498184204,0.867997407913208,0.9516366124153137,0.4609619677066803,0.7220677137374878,0.4215319752693176,0.6894720792770386,0.5096679329872131,0.7280972599983215,0.982207179069519,0.9857394099235535,0.16001860797405243,0.15944020450115204,0.0006117051234468818,0.0012344538699835539,0.0017116910312324762,0.0019041337072849274,0.0006154205184429884,0.002526728203520179
0.9992061257362366,0.9987925291061401,0.9989946484565735,0.9991167187690735,0.9978577494621277,0.9973881840705872,0.9965840578079224,0.9992258548736572,0.995203971862793,0.9995225667953491,0.9986487030982971,0.9998507499694824,0.9979661703109741,0.993966817855835,0.9932714104652405,0.9917895793914795,0.9963339567184448,0.9794583320617676,0.9873573780059814,0.9830691814422607,0.9899027347564697,0.9839005470275879,0.9916834831237793,0.9846820831298828,0.9799181818962097,0.49728959798812866,0.3541654944419861,0.04330969229340553,0.05353551730513573,0.053064215928316116,0.03826204314827919,0.030184393748641014,0.026188941672444344
0.9999802112579346,0.9999179840087891,0.9999332427978516,0.9999309778213501,0.9998646974563599,0.9998419284820557,0.9997451901435852,0.9998999834060669,0.999568521976471,0.9999805688858032,0.9999561309814453,0.9999955892562866,0.9998769760131836,0.9978398084640503,0.9523487687110901,0.9967128038406372,0.9740139245986938,0.9916499853134155,0.959297776222229,0.9930011034011841,0.9635025858879089,0.9913210272789001,0.9566178917884827,0.9996851682662964,0.9990849494934082,0.6538684368133545,0.6333895921707153,0.5625260472297668,0.614939272403717,0.517132043838501,0.4492330551147461,0.6157483458518982,0.6662135720252991
0.9998099207878113,0.9997957348823547,0.999681830406189,0.9997346997261047,0.9997889399528503,0.999660849571228,0.9997434020042419,0.9996564388275146,0.9997255206108093,0.9999152421951294,0.999897837638855,0.9995724558830261,0.9997702240943909,0.9976879358291626,0.9995520710945129,0.9977585077285767,0.9984732270240784,0.9841020703315735,0.9856598377227783,0.979077160358429,0.9816892147064209,0.9845496416091919,0.9832725524902344,0.9986849427223206,0.9983578324317932,0.03815354034304619,0.13603562116622925,0.00012327037984505296,0.0003375698288436979,0.0002388803695794195,0.0006124898209236562,0.00016106791736092418,0.0008183273603208363
0.9988483190536499,0.9971217513084412,0.9969871640205383,0.9972308278083801,0.9968369007110596,0.9962162375450134,0.9966222047805786,0.996529757976532,0.9944802522659302,0.9979017972946167,0.9969058632850647,0.9993795156478882,0.9991437196731567,0.8283727169036865,0.8894852995872498,0.6915950179100037,0.8647908568382263,0.6021115183830261,0.8048454523086548,0.6228899359703064,0.816200852394104,0.6196218729019165,0.803272008895874,0.9952223896980286,0.9950850605964661,0.45642462372779846,0.627124011516571,0.38562148809432983,0.49639037251472473,0.20283101499080658,0.36491382122039795,0.37022796273231506,0.4513537585735321
0.9990283250808716,0.9977520108222961,0.9967556595802307,0.9962790608406067,0.9986416697502136,0.9986728429794312,0.9991315007209778,0.9925271272659302,0.9991984963417053,0.9987649917602539,0.9995347261428833,0.9954785704612732,0.9998080134391785,0.8263400793075562,0.9949217438697815,0.4079790711402893,0.9701417088508606,0.3419875204563141,0.9277856945991516,0.3354675769805908,0.92167729139328,0.3164450228214264,0.8834208846092224,0.9938262104988098,0.9957749247550964,0.36738455295562744,0.4555474817752838,0.3209821879863739,0.37660443782806396,0.23171807825565338,0.2573185861110687,0.34950342774391174,0.40789926052093506
0.9999067783355713,0.9998877048492432,0.999897837638855,0.9999054670333862,0.9998544454574585,0.9998387098312378,0.9997521042823792,0.9999362230300903,0.9997281432151794,0.9999102354049683,0.9998326301574707,0.9998825788497925,0.9840817451477051,0.9683835506439209,0.7560910582542419,0.9878376722335815,0.5986862778663635,0.9766982197761536,0.5534481406211853,0.9836408495903015,0.6142762303352356,0.980189859867096,0.5675309300422668,0.03907407447695732,0.01400025561451912,0.011410004459321499,0.005770682357251644,0.0005848784348927438,0.0006569583201780915,0.00029015669133514166,0.0008879263186827302,0.0011620611185207963,0.0021547330543398857
0.9999717473983765,0.9999444484710693,0.9999388456344604,0.9999394416809082,0.999911904335022,0.9999021291732788,0.9999122619628906,0.9999524354934692,0.999849796295166,0.999969482421875,0.9999376535415649,0.9998160004615784,0.9991905093193054,0.9965454936027527,0.9990429282188416,0.9902434945106506,0.9980460405349731,0.9669485092163086,0.990405261516571,0.9695265889167786,0.989163875579834,0.9695815443992615,0.9870953559875488,0.999129593372345,0.998878538608551,0.7860383987426758,0.7694582939147949,0.20418404042720795,0.1606498509645462,0.24788855016231537,0.10997870564460754,0.16980372369289398,0.1091734915971756
0.9999048709869385,0.9999545812606812,0.9999635219573975,0.9999513626098633,0.999900221824646,0.9998908042907715,0.9998123049736023,0.9999799728393555,0.9999418258666992,0.9999204874038696,0.9997983574867249,0.9984475374221802,0.9962705373764038,0.9980342984199524,0.9887851476669312,0.9988386034965515,0.9973679184913635,0.9982473850250244,0.9941936135292053,0.9981005787849426,0.993314802646637,0.998115062713623,0.9945061802864075,0.9999771118164062,0.9999501705169678,0.8655930757522583,0.8068236112594604,0.014673441648483276,0.007428189739584923,0.016041314229369164,0.012716115452349186,0.005467897746711969,0.004001602530479431
0.9995043277740479,0.9992061257362366,0.9992086291313171,0.9991100430488586,0.9993820190429688,0.999396800994873,0.9994230270385742,0.9987074136734009,0.9997729659080505,0.9994159936904907,0.9997832179069519,0.9983313679695129,0.9997504353523254,0.17029592394828796,0.9697035551071167,0.24909083545207977,0.8947998285293579,0.2748163342475891,0.831106424331665,0.3000812530517578,0.8424484729766846,0.30429935455322266,0.8273395895957947,0.9750955104827881,0.9932889342308044,0.6796022653579712,0.8103686571121216,0.1351950615644455,0.3739638924598694,0.1517576277256012,0.31831595301628113,0.11186961084604263,0.28395670652389526
0.9971838593482971,0.9955915808677673,0.9940769672393799,0.9937902092933655,0.9967597126960754,0.9965956807136536,0.9976451992988586,0.9920415282249451,0.9986742734909058,0.9993044137954712,0.9997127652168274,0.9965212345123291,0.9997097849845886,0.8926730155944824,0.997530996799469,0.4154963195323944,0.9210367798805237,0.21077251434326172,0.7034298181533813,0.2066492736339569,0.6954032182693481,0.25203078985214233,0.6787257194519043,0.8421995043754578,0.889435887336731,0.026092316955327988,0.054404545575380325,0.0016452724812552333,0.0022252313792705536,0.0018038171110674739,0.004983465652912855,0.0009216245380230248,0.004910279531031847
0.9996335506439209,0.9993584752082825,0.9995245933532715,0.999518632888794,0.9986808896064758,0.9985054731369019,0.9977389574050903,0.9995983242988586,0.9969304203987122,0.9997572302818298,0.9992883801460266,0.9999264478683472,0.9986687898635864,0.9974600672721863,0.9963173866271973,0.9952861666679382,0.9950482249259949,0.9837790131568909,0.9803024530410767,0.9869281649589539,0.9845461845397949,0.9862479567527771,0.9878320097923279,0.9782841801643372,0.9736754298210144,0.6486499905586243,0.4587789475917816,0.14095091819763184,0.12409647554159164,0.16616691648960114,0.104519784450531,0.09654352813959122,0.06930729746818542
0.9998494386672974,0.9995204210281372,0.9994912147521973,0.9994606375694275,0.999450147151947,0.9993906021118164,0.9993756413459778,0.9989721775054932,0.9987548589706421,0.9998430013656616,0.9998100399971008,0.9999310970306396,0.9998774528503418,0.9878156781196594,0.9763972759246826,0.9721990823745728,0.9674764275550842,0.9396146535873413,0.9357645511627197,0.9450271129608154,0.9405941367149353,0.9375360012054443,0.9339849352836609,0.9993247985839844,0.9989625215530396,0.6011255383491516,0.46484243869781494,0.4874383211135864,0.49299687147140503,0.41698047518730164,0.3900846838951111,0.5778074264526367,0.592862069606781
0.99998939037323,0.999976396560669,0.9999797344207764,0.999975323677063,0.999974250793457,0.9999743700027466,0.9999662637710571,0.9999656677246094,0.999987006187439,0.9999881982803345,0.9999904632568359,0.9999305009841919,0.9995697140693665,0.9984256029129028,0.9520919322967529,0.9988771080970764,0.8693846464157104,0.9948667287826538,0.7870920896530151,0.9948280453681946,0.8251277804374695,0.9941608309745789,0.8497259020805359,0.5699089765548706,0.41365885734558105,0.0033291007857769728,0.0022839719895273447,0.00030047769541852176,0.0001010208361549303,0.0003246967098675668,0.0004269424534868449,0.00021298337378539145,0.00037245763815008104
0.9989744424819946,0.9988042116165161,0.998717188835144,0.9988817572593689,0.9978339076042175,0.9968211650848389,0.9970448613166809,0.9988138675689697,0.9978094696998596,0.9988816380500793,0.9984992742538452,0.9992988109588623,0.9981313347816467,0.9267770051956177,0.9104318618774414,0.9170414209365845,0.8533279299736023,0.8526691198348999,0.7466645836830139,0.8493626713752747,0.7324048280715942,0.8224118947982788,0.7018832564353943,0.9976239800453186,0.9967451095581055,0.42872297763824463,0.6159108877182007,0.379495233297348,0.4691879153251648,0.3676627576351166,0.3550562560558319,0.41527795791625977,0.45109763741493225
0.999967098236084,0.9999629259109497,0.9999822378158569,0.9999649524688721,0.9999465942382812,0.9999668598175049,0.9999217987060547,0.9999892711639404,0.9999768733978271,0.9999213218688965,0.9998699426651001,0.999321460723877,0.9983525276184082,0.9998867511749268,0.9995425939559937,0.9999457597732544,0.9998308420181274,0.999870777130127,0.9994414448738098,0.9998573064804077,0.9993791580200195,0.9998377561569214,0.9994251728057861,0.9998537302017212,0.9998272061347961,0.9467712044715881,0.9613537192344666,0.036677781492471695,0.03734860196709633,0.042762789875268936,0.042429450899362564,0.006121722515672445,0.008298357017338276
0.9999762773513794,0.9999032020568848,0.9999432563781738,0.9999072551727295,0.9999250173568726,0.999954342842102,0.9999148845672607,0.999922513961792,0.9999678134918213,0.9998775720596313,0.9999030828475952,0.9998613595962524,0.9986515641212463,0.9996674060821533,0.993165910243988,0.9995390176773071,0.9766384959220886,0.9982722997665405,0.9418162703514099,0.9985694885253906,0.9490369558334351,0.9987772107124329,0.9586915969848633,0.9988779425621033,0.9983574748039246,0.5841612219810486,0.6568742990493774,0.016604097560048103,0.04255100339651108,0.024896539747714996,0.041704773902893066,0.007778404746204615,0.016288749873638153
0.999907374382019,0.9998536109924316,0.9998175501823425,0.9998356103897095,0.9998574256896973,0.9998243451118469,0.9998395442962646,0.99986732006073,0.9998025298118591,0.9999755620956421,0.9999737739562988,0.9999576807022095,0.9996902942657471,0.9987435936927795,0.9985758066177368,0.9938874840736389,0.9893180727958679,0.9615232944488525,0.9351081252098083,0.9612205028533936,0.9287210702896118,0.9624411463737488,0.9279872179031372,0.9757905602455139,0.9687319993972778,0.14234419167041779,0.13681478798389435,0.003929717931896448,0.006053925957530737,0.0029866474214941263,0.007569367531687021,0.0021318821236491203,0.009797254577279091
0.9999198913574219,0.9998615980148315,0.9998225569725037,0.9998353719711304,0.9998711347579956,0.9998693466186523,0.999900221824646,0.9998341798782349,0.9998973608016968,0.9999428987503052,0.9999537467956543,0.9997239708900452,0.9998964071273804,0.9649277329444885,0.9993292093276978,0.7038806676864624,0.9898964166641235,0.47703316807746887,0.9367353916168213,0.5140331387519836,0.9341980218887329,0.5272431969642639,0.9397688508033752,0.8557961583137512,0.9127165675163269,0.1225038394331932,0.07200873643159866,0.010259383358061314,0.008684389293193817,0.008802884258329868,0.011552545242011547,0.004606346134096384,0.006730150897055864
0.9961599111557007,0.9897019863128662,0.9883671402931213,0.988856852054596,0.985664963722229,0.9810588955879211,0.9803680181503296,0.9816237688064575,0.9451605677604675,0.9864176511764526,0.9792370796203613,0.9988752007484436,0.9979580640792847,0.8738994598388672,0.8846969604492188,0.812543511390686,0.8381884694099426,0.7036944627761841,0.7596710920333862,0.7218688130378723,0.7814007997512817,0.7088195085525513,0.7908446788787842,0.9954575300216675,0.9961129426956177,0.39982110261917114,0.40848830342292786,0.29791247844696045,0.4369008541107178,0.2806243300437927,0.3093845844268799,0.38251447677612305,0.4924905300140381
0.9996767044067383,0.9990187883377075,0.9991376399993896,0.998862624168396,0.9985852241516113,0.9987201690673828,0.9981716871261597,0.998891294002533,0.9974302649497986,0.9990276098251343,0.9982455968856812,0.9999264478683472,0.9997692704200745,0.9725556969642639,0.9947019219398499,0.9425606727600098,0.9873364567756653,0.8654420971870422,0.9624013900756836,0.8826767802238464,0.9711732268333435,0.8812808990478516,0.9734268188476562,0.9972156286239624,0.9953668117523193,0.4157711863517761,0.12862002849578857,0.3242270350456238,0.18824897706508636,0.37240806221961975,0.24763810634613037,0.396533340215683,0.2712714970111847
0.999591052532196,0.998166024684906,0.9983904361724854,0.9985656142234802,0.9976484179496765,0.996548593044281,0.9956498742103577,0.9978540539741516,0.9931708574295044,0.999007523059845,0.9984844326972961,0.9999455213546753,0.9988478422164917,0.9976826906204224,0.872883141040802,0.9956790804862976,0.879244863986969,0.9844416975975037,0.8020930290222168,0.9869484901428223,0.8212739825248718,0.9852272272109985,0.8106998205184937,0.998988926410675,0.9977116584777832,0.535507082939148,0.6284567713737488,0.48472756147384644,0.5035675764083862,0.4604988992214203,0.35277342796325684,0.5509216785430908,0.5024538040161133
0.9961857199668884,0.9890742897987366,0.9885440468788147,0.989521861076355,0.9905735850334167,0.9918776750564575,0.9940628409385681,0.9936810731887817,0.9961697459220886,0.9968781471252441,0.9953787326812744,0.9988688826560974,0.9992839694023132,0.999745786190033,0.9998223185539246,0.9993849992752075,0.9999295473098755,0.9875969290733337,0.9993501305580139,0.9810059070587158,0.9991533756256104,0.9900328516960144,0.9990847110748291,0.9947558641433716,0.993415117263794,0.008779809810221195,0.03232767432928085,3.420932625886053e-05,0.00011530012125149369,0.00014346724492497742,0.00023753786808811128,6.758341623935848e-05,0.00030773310572840273
0.9998464584350586,0.9987685084342957,0.9988600015640259,0.9987117052078247,0.9993354678153992,0.9993836879730225,0.9993255138397217,0.9974708557128906,0.9993232488632202,0.9992330074310303,0.9995352029800415,0.9999253749847412,0.9998739957809448,0.9972944855690002,0.9870473146438599,0.9960854053497314,0.9613985419273376,0.9839863777160645,0.9022738933563232,0.9870456457138062,0.9070320725440979,0.9859697818756104,0.8835488557815552,0.9990587830543518,0.9994176626205444,0.4492683708667755,0.7659335136413574,0.5519656538963318,0.7305973768234253,0.543857216835022,0.5209528207778931,0.6969364881515503,0.7762613296508789
0.999990701675415,0.9999721050262451,0.9999628067016602,0.9999512434005737,0.9999781847000122,0.999975323677063,0.9999727010726929,0.9998595714569092,0.9999914169311523,0.9999910593032837,0.9999958276748657,0.9999384880065918,0.9999672174453735,0.8679875731468201,0.9871757626533508,0.9227074980735779,0.9645332098007202,0.8813544511795044,0.93467116355896,0.8934037089347839,0.9372764229774475,0.8774458765983582,0.927854597568512,0.997623860836029,0.9958783388137817,0.41133466362953186,0.43388116359710693,0.21594855189323425,0.10360800474882126,0.08721277862787247,0.08245968073606491,0.11859913915395737,0.12537769973278046
0.9999886751174927,0.9999333620071411,0.9999288320541382,0.9999245405197144,0.9999512434005737,0.9999607801437378,0.9999613761901855,0.9997095465660095,0.9999549388885498,0.9999403953552246,0.9999769926071167,0.999936580657959,0.9998481273651123,0.9850406050682068,0.9771320223808289,0.9768689274787903,0.9257601499557495,0.9513970017433167,0.8768954277038574,0.9522466063499451,0.8795952200889587,0.9548829793930054,0.8798641562461853,0.999945878982544,0.9997499585151672,0.9820117950439453,0.9927917718887329,0.9704153537750244,0.9686676859855652,0.8367459177970886,0.7827662825584412,0.9520924687385559,0.9576048851013184
0.9998229146003723,0.9996685981750488,0.9997311234474182,0.9997435212135315,0.9993807077407837,0.9992700219154358,0.9989438652992249,0.9998190999031067,0.9987653493881226,0.9998843669891357,0.9996510744094849,0.9999427795410156,0.9989711046218872,0.9977540373802185,0.99689120054245,0.9969229102134705,0.9964197874069214,0.9894235730171204,0.9860216975212097,0.9912437200546265,0.9889995455741882,0.9914858937263489,0.9913061261177063,0.9904842376708984,0.9897659420967102,0.618396520614624,0.5545509457588196,0.07392299920320511,0.12108567357063293,0.07163067162036896,0.05887019261717796,0.05105164647102356,0.05602845549583435
0.999643087387085,0.9994175434112549,0.9995705485343933,0.9995749592781067,0.9987144470214844,0.9984751343727112,0.9977269768714905,0.9996907711029053,0.9974779486656189,0.9997840523719788,0.999347984790802,0.9999514818191528,0.9987587928771973,0.996567964553833,0.9951251149177551,0.9953266382217407,0.9941423535346985,0.9846965074539185,0.9776318073272705,0.9873814582824707,0.9821625351905823,0.987065315246582,0.9867016673088074,0.9839735627174377,0.9792388081550598,0.7008057236671448,0.5246087312698364,0.1251012086868286,0.14163807034492493,0.13307371735572815,0.08675768226385117,0.08293098956346512,0.07136402279138565
0.9964845180511475,0.9969083666801453,0.9950842261314392,0.9966885447502136,0.9957082271575928,0.9911337494850159,0.9938924312591553,0.99517822265625,0.9914660453796387,0.9953663349151611,0.9934651255607605,0.9974588751792908,0.9945569038391113,0.9633264541625977,0.9610938429832458,0.9654723405838013,0.9629926681518555,0.9077373743057251,0.8765604496002197,0.8985226154327393,0.8463709950447083,0.8966453671455383,0.8266428709030151,0.9987581968307495,0.9985259175300598,0.37628090381622314,0.5001715421676636,0.05307948589324951,0.05871862918138504,0.10144397616386414,0.06324917078018188,0.07641375809907913,0.07482163608074188
0.9998785257339478,0.9998487234115601,0.9997323155403137,0.999758780002594,0.9998611211776733,0.9998036026954651,0.9998416900634766,0.9998470544815063,0.9999173879623413,0.9999421834945679,0.9999440908432007,0.9998546838760376,0.999649167060852,0.9983527660369873,0.9938762784004211,0.9859219193458557,0.9713594913482666,0.9129322171211243,0.8782088756561279,0.897504448890686,0.8512793779373169,0.8766566514968872,0.8195891380310059,0.9996724128723145,0.9994257688522339,0.4193541705608368,0.3367288112640381,0.026030730456113815,0.03943730890750885,0.04973503202199936,0.04681583121418953,0.031193433329463005,0.0551895871758461
0.9999523162841797,0.9999172687530518,0.9999164342880249,0.9999109506607056,0.9998270869255066,0.9998083710670471,0.9997289776802063,0.9999454021453857,0.9996172189712524,0.9999538660049438,0.999834418296814,0.9999575614929199,0.9985816478729248,0.9747467041015625,0.7993578314781189,0.9699235558509827,0.8868013024330139,0.9328306913375854,0.8577414155006409,0.9354225993156433,0.8520994186401367,0.9281330704689026,0.8230106234550476,0.9997074007987976,0.9993576407432556,0.6536865234375,0.5532940030097961,0.623077392578125,0.6138142943382263,0.46888408064842224,0.3840008080005646,0.6362407207489014,0.6367787718772888
0.9991961121559143,0.9990153312683105,0.9988862872123718,0.9988470077514648,0.9989939332008362,0.9989411234855652,0.9989635944366455,0.9988716244697571,0.9993208646774292,0.9997751116752625,0.9997928738594055,0.9990251064300537,0.9997926354408264,0.9651363492012024,0.9965658783912659,0.8332676291465759,0.9645507335662842,0.66009920835495,0.8907199501991272,0.6660186052322388,0.8908888101577759,0.6930354833602905,0.8722668886184692,0.9657732844352722,0.9719406366348267,0.12668479979038239,0.11855839937925339,0.010193657130002975,0.008085274137556553,0.017491716891527176,0.010677964426577091,0.007815799675881863,0.014786546118557453
0.9980779886245728,0.9971933960914612,0.9956596493721008,0.9959501028060913,0.9980894923210144,0.9978240728378296,0.998435914516449,0.9956181049346924,0.9982886910438538,0.9990382194519043,0.9993797540664673,0.9981383085250854,0.9989585876464844,0.9973049163818359,0.9988701939582825,0.9851478934288025,0.9873954057693481,0.8969651460647583,0.9199203252792358,0.8797165751457214,0.9114872813224792,0.9008573293685913,0.9175365567207336,0.9940856695175171,0.9929292798042297,0.08827447146177292,0.09465540945529938,0.0010036142775788903,0.001332206535153091,0.001372738042846322,0.0013415388530120254,0.00082241534255445,0.002358839148655534
0.9993335604667664,0.9995323419570923,0.9992658495903015,0.9995160102844238,0.9991121888160706,0.9981688261032104,0.9985673427581787,0.9991894364356995,0.9992252588272095,0.9994788765907288,0.9994099140167236,0.9980248212814331,0.9957424998283386,0.992241621017456,0.986928403377533,0.9883933663368225,0.9019966721534729,0.9472135901451111,0.625817060470581,0.9410629868507385,0.557904064655304,0.9282764792442322,0.5359310507774353,0.9952149391174316,0.9962329268455505,0.2509147524833679,0.5091726183891296,0.051050372421741486,0.07337599247694016,0.082198366522789,0.06226157024502754,0.08953548222780228,0.11820890754461288
0.9997753500938416,0.9996090531349182,0.9997077584266663,0.9997109770774841,0.9992167949676514,0.9990768432617188,0.9986221790313721,0.9998190999031067,0.9985501170158386,0.9998886585235596,0.9996147155761719,0.9999632835388184,0.9991651773452759,0.9983311295509338,0.9963257908821106,0.9978558421134949,0.9960236549377441,0.9923843741416931,0.9845291972160339,0.9937360286712646,0.9879326224327087,0.9933986663818359,0.9907682538032532,0.9895144701004028,0.9896373748779297,0.7153838276863098,0.569385826587677,0.09383877366781235,0.11485730856657028,0.09673210233449936,0.06755542010068893,0.06326500326395035,0.05328864976763725
0.9717562198638916,0.9683438539505005,0.9492062330245972,0.9577249884605408,0.9646539688110352,0.9391804933547974,0.9447408318519592,0.9610979557037354,0.9354085326194763,0.9828049540519714,0.9685007333755493,0.9860440492630005,0.9876310229301453,0.8916012644767761,0.9499784708023071,0.9333222508430481,0.977374255657196,0.8384806513786316,0.9194067120552063,0.8280187249183655,0.9035000801086426,0.8379358649253845,0.8932791948318481,0.9975321292877197,0.9973037242889404,0.20237700641155243,0.19753488898277283,0.0072410134598612785,0.017014537006616592,0.01669553481042385,0.017130114138126373,0.010529602877795696,0.030269835144281387
0.9985113739967346,0.9988221526145935,0.9985866546630859,0.9989972710609436,0.9975537657737732,0.995594322681427,0.99595707654953,0.9988048076629639,0.9987472295761108,0.9987279772758484,0.9985522627830505,0.9969663023948669,0.9951246380805969,0.9761486053466797,0.9942665696144104,0.9857780933380127,0.9086792469024658,0.9567291736602783,0.6389957666397095,0.9511107802391052,0.5885367393493652,0.9437546133995056,0.6242497563362122,0.9935537576675415,0.9927171468734741,0.45664554834365845,0.3727872669696808,0.05461582913994789,0.023864030838012695,0.05883645638823509,0.022480899468064308,0.04332795366644859,0.024865154176950455
0.9996447563171387,0.9989483952522278,0.9990823268890381,0.9987775683403015,0.9984197616577148,0.998554527759552,0.9980180263519287,0.9988027811050415,0.9974365830421448,0.9990422129631042,0.9983823299407959,0.999882698059082,0.9996633529663086,0.9829985499382019,0.9964878559112549,0.9742130041122437,0.992949366569519,0.9285162687301636,0.9780716896057129,0.9389897584915161,0.9833595752716064,0.9337223172187805,0.9839121699333191,0.9910852313041687,0.9903006553649902,0.31564825773239136,0.24802540242671967,0.220765620470047,0.21743358671665192,0.3132455050945282,0.23238816857337952,0.2702346444129944,0.21796998381614685
0.9997997879981995,0.9993376135826111,0.9992710947990417,0.9992127418518066,0.9993547797203064,0.9992765784263611,0.9992119073867798,0.9985523819923401,0.9981008172035217,0.9995827078819275,0.9994722008705139,0.9998337030410767,0.9998860359191895,0.9802923798561096,0.960622251033783,0.966651439666748,0.9520726203918457,0.9245337247848511,0.9234308004379272,0.9309581518173218,0.9288638830184937,0.9221141338348389,0.9206693768501282,0.9969109892845154,0.998454213142395,0.354981929063797,0.6348348259925842,0.41530150175094604,0.6406748294830322,0.4030742943286896,0.45999380946159363,0.5510709285736084,0.6671445965766907
0.9995074272155762,0.9983327984809875,0.9987167119979858,0.9983764886856079,0.9975917339324951,0.997787356376648,0.996772825717926,0.9983522891998291,0.9960920214653015,0.9984703660011292,0.997260332107544,0.9998915195465088,0.999656081199646,0.9620441198348999,0.9906434416770935,0.9089325666427612,0.9689313173294067,0.7992081642150879,0.9132148623466492,0.8277873992919922,0.9326733946800232,0.8285560607910156,0.9419993758201599,0.9921756386756897,0.9903857707977295,0.33201009035110474,0.1494169384241104,0.2124306559562683,0.13071610033512115,0.24591432511806488,0.1809619814157486,0.2801613211631775,0.18687669932842255
0.9998190999031067,0.9998021721839905,0.9997681975364685,0.9998227953910828,0.9995346069335938,0.9994910955429077,0.999464213848114,0.9998737573623657,0.9996095299720764,0.9998958110809326,0.9996849298477173,0.9998366832733154,0.9991201758384705,0.9901977777481079,0.9988954067230225,0.9871823787689209,0.9982349872589111,0.9783934950828552,0.9945340156555176,0.9810267686843872,0.9942911863327026,0.9805554747581482,0.9950373768806458,0.9994308352470398,0.9994625449180603,0.8326402902603149,0.8174511194229126,0.24002107977867126,0.24249936640262604,0.18219338357448578,0.1280064731836319,0.1423826664686203,0.18724392354488373
0.9997963309288025,0.9996926784515381,0.9995467066764832,0.9995113611221313,0.9997894167900085,0.9997746348381042,0.9998441934585571,0.9996728897094727,0.9998487234115601,0.9995771050453186,0.999648928642273,0.9974033236503601,0.9994221925735474,0.9848886728286743,0.993759274482727,0.9099889993667603,0.9933764338493347,0.7364944219589233,0.9780378341674805,0.7051541805267334,0.9739006161689758,0.7109731435775757,0.9638054370880127,0.9996633529663086,0.9996070265769958,0.7422793507575989,0.8408689498901367,0.6458454728126526,0.7680690884590149,0.5159372687339783,0.5366069078445435,0.655928909778595,0.7377731204032898
0.9998817443847656,0.999768078327179,0.9997461438179016,0.99973064661026,0.9997708201408386,0.9996851682662964,0.9997139573097229,0.9995455145835876,0.9996286630630493,0.9997487664222717,0.9997678399085999,0.9997814297676086,0.9997878670692444,0.9885359406471252,0.9737813472747803,0.9851823449134827,0.9618927240371704,0.9692663550376892,0.9262213706970215,0.968649685382843,0.9324349164962769,0.9508950710296631,0.9244211316108704,0.9955664277076721,0.9951025247573853,0.6140375137329102,0.6498814225196838,0.4999821186065674,0.5050373673439026,0.2633016109466553,0.38228029012680054,0.46207308769226074,0.48834747076034546
0.997469425201416,0.9943998456001282,0.9935116171836853,0.9937466382980347,0.9952166080474854,0.9938094019889832,0.994524359703064,0.9888262748718262,0.9852738976478577,0.9885424375534058,0.9841966032981873,0.9919094443321228,0.9951987862586975,0.8563364148139954,0.869676411151886,0.7261297106742859,0.7827950119972229,0.5901685357093811,0.6806851029396057,0.5839534401893616,0.6689049005508423,0.5377424955368042,0.6031424403190613,0.9849652051925659,0.9850685000419617,0.44828522205352783,0.5106644630432129,0.4058648645877838,0.45134612917900085,0.3232487440109253,0.30595067143440247,0.45595505833625793,0.44055649638175964
0.9999707937240601,0.9999690055847168,0.9999730587005615,0.9999650716781616,0.9999620914459229,0.9999661445617676,0.999954342842102,0.9999791383743286,0.9999799728393555,0.9999750852584839,0.9999643564224243,0.9997579455375671,0.9995287656784058,0.9996464252471924,0.9994950294494629,0.9996090531349182,0.9996242523193359,0.9986129999160767,0.9985092282295227,0.9984739422798157,0.9983030557632446,0.9980438947677612,0.9979534149169922,0.9995610117912292,0.9993384480476379,0.8214192986488342,0.7451067566871643,0.06358188390731812,0.053314466029405594,0.07463283091783524,0.04596969112753868,0.028075098991394043,0.02620484121143818
0.9999706745147705,0.9999312162399292,0.9999208450317383,0.9999053478240967,0.9999189376831055,0.9998795986175537,0.9998654127120972,0.9998807907104492,0.9997904896736145,0.9999128580093384,0.9998881816864014,0.9999092817306519,0.9996742010116577,0.9120994806289673,0.8397113680839539,0.9074753522872925,0.9266927242279053,0.8732669949531555,0.9073981046676636,0.8932793140411377,0.9204493165016174,0.8855534791946411,0.9133152365684509,0.9960576295852661,0.9945905208587646,0.5404059886932373,0.549842119216919,0.49667122960090637,0.5410541296005249,0.41693413257598877,0.45399224758148193,0.5242573022842407,0.5431222319602966
0.9992653727531433,0.998771607875824,0.9984890222549438,0.9987252354621887,0.9984196424484253,0.9980921149253845,0.9983914494514465,0.9985173344612122,0.9977431297302246,0.9988343119621277,0.99819415807724,0.9994148015975952,0.9991744160652161,0.7520674467086792,0.9848383665084839,0.5646330118179321,0.9697863459587097,0.46958234906196594,0.9337379932403564,0.48527786135673523,0.9322269558906555,0.49170297384262085,0.911823034286499,0.99659663438797,0.9953117370605469,0.6117308139801025,0.7143781185150146,0.40420153737068176,0.41457685828208923,0.20940527319908142,0.2292487472295761,0.3617831766605377,0.3995497524738312
0.9999113082885742,0.9998276233673096,0.9997372031211853,0.9997270703315735,0.9998968839645386,0.9998849630355835,0.999914288520813,0.9996318817138672,0.9999545812606812,0.9999701976776123,0.9999876022338867,0.9998144507408142,0.9999386072158813,0.9986647367477417,0.9987140893936157,0.9927377104759216,0.9723055362701416,0.9405434131622314,0.8654291033744812,0.9308569431304932,0.8684076070785522,0.9312262535095215,0.8731150031089783,0.9672927856445312,0.9712775945663452,0.07550796121358871,0.055989447981119156,0.0011310192057862878,0.0017486221622675657,0.0010801742319017649,0.0033027406316250563,0.0009123455383814871,0.0048503694124519825
0.9999809265136719,0.9999856948852539,0.9999897480010986,0.9999828338623047,0.9999781847000122,0.9999809265136719,0.9999654293060303,0.9999926090240479,0.9999916553497314,0.9999645948410034,0.9999569654464722,0.9989749193191528,0.9990876913070679,0.99951171875,0.9990456700325012,0.999468982219696,0.9993745684623718,0.9990543723106384,0.998042106628418,0.998982846736908,0.9977130889892578,0.999053418636322,0.9980261921882629,0.9999253749847412,0.9998288154602051,0.8538632392883301,0.854634165763855,0.026493165642023087,0.020519740879535675,0.0410560667514801,0.03169974684715271,0.008577371947467327,0.006986184511333704
0.9984267950057983,0.9975324869155884,0.9972889423370361,0.9977486729621887,0.9966247081756592,0.9960682392120361,0.9965528249740601,0.9961353540420532,0.993259608745575,0.9958272576332092,0.9934414625167847,0.9990060925483704,0.9941233992576599,0.7644931674003601,0.8111233115196228,0.7267296314239502,0.8610350489616394,0.655971109867096,0.7896856665611267,0.6454020738601685,0.7785043716430664,0.635336697101593,0.7405170798301697,0.9987039566040039,0.9952743053436279,0.8188141584396362,0.6959671378135681,0.8161927461624146,0.6573393940925598,0.5502162575721741,0.5355114340782166,0.781396746635437,0.6887389421463013
0.9999924898147583,0.9999761581420898,0.9999819993972778,0.9999768733978271,0.9999679327011108,0.9999674558639526,0.9999507665634155,0.99997878074646,0.9999759197235107,0.9999886751174927,0.9999830722808838,0.9999915361404419,0.9999186992645264,0.999182403087616,0.9493380188941956,0.9970159530639648,0.9295304417610168,0.9888835549354553,0.8776453733444214,0.9907785654067993,0.8870155215263367,0.9892570376396179,0.8836596012115479,0.999099850654602,0.9989649057388306,0.5410981774330139,0.6076471209526062,0.433045357465744,0.5008974075317383,0.4238104522228241,0.3520109951496124,0.40577712655067444,0.5155739784240723
0.9998518228530884,0.9995396137237549,0.9994372725486755,0.9994682669639587,0.9995001554489136,0.9994317889213562,0.9994309544563293,0.9988973140716553,0.9986318945884705,0.999829888343811,0.9997705817222595,0.9999618530273438,0.9998971223831177,0.9866907596588135,0.9860337376594543,0.9785736203193665,0.9817573428153992,0.9492117762565613,0.9606221318244934,0.9543397426605225,0.9663466811180115,0.9481210112571716,0.9653126001358032,0.9994959831237793,0.9991371035575867,0.3322499692440033,0.16385513544082642,0.20618389546871185,0.17850925028324127,0.2315249890089035,0.18269309401512146,0.31807395815849304,0.26728886365890503
0.9999607801437378,0.9999819993972778,0.9999884366989136,0.9999837875366211,0.9999518394470215,0.9999512434005737,0.9998962879180908,0.9999954700469971,0.9999754428863525,0.9999704360961914,0.9999098777770996,0.9994654059410095,0.9966990351676941,0.9990723133087158,0.9901388883590698,0.9993141889572144,0.9969015121459961,0.9990172386169434,0.9943428039550781,0.9989991784095764,0.9937645196914673,0.9991003274917603,0.9951417446136475,0.9999830722808838,0.9999510049819946,0.8642585873603821,0.905873715877533,0.010240218602120876,0.007435900159180164,0.016725385561585426,0.013757671229541302,0.0028324704617261887,0.0028613393660634756
0.9975371360778809,0.9962007403373718,0.9943860769271851,0.9959361553192139,0.9955527186393738,0.994358479976654,0.9966142773628235,0.9932360053062439,0.9946678876876831,0.9927491545677185,0.9906091690063477,0.99949049949646,0.9995161294937134,0.2761612832546234,0.8488656282424927,0.3557606637477875,0.8173148036003113,0.30317777395248413,0.7319551706314087,0.3133876621723175,0.7278228402137756,0.32031816244125366,0.6950663328170776,0.999382734298706,0.9991545677185059,0.4586670696735382,0.4776083528995514,0.3197023570537567,0.4483095109462738,0.33102938532829285,0.31956589221954346,0.43489870429039,0.5411825180053711
0.999972939491272,0.9999175071716309,0.9999200105667114,0.999906063079834,0.9999444484710693,0.9999390840530396,0.999930739402771,0.9998825788497925,0.9999557733535767,0.999916672706604,0.9999500513076782,0.9999004602432251,0.9997734427452087,0.9952025413513184,0.947245180606842,0.9934996366500854,0.8921325206756592,0.9805244207382202,0.8175318837165833,0.9796690344810486,0.825699508190155,0.9783591628074646,0.8104863166809082,0.999538779258728,0.9991737008094788,0.8068807125091553,0.7783381342887878,0.6852123737335205,0.6642153263092041,0.45274168252944946,0.4503673017024994,0.6855565309524536,0.6241254210472107
0.9999395608901978,0.9998496770858765,0.9998390674591064,0.999813973903656,0.999843955039978,0.9998067021369934,0.9998053908348083,0.9996985197067261,0.9997902512550354,0.99985671043396,0.9998462200164795,0.9999022483825684,0.9999032020568848,0.9913793802261353,0.9774701595306396,0.9874091148376465,0.9491363763809204,0.965415894985199,0.902531623840332,0.964267909526825,0.907264232635498,0.9448416829109192,0.8906643390655518,0.9992666840553284,0.9989872574806213,0.616881251335144,0.781517744064331,0.4263826906681061,0.47633272409439087,0.20333124697208405,0.23544108867645264,0.4306396543979645,0.491738885641098
0.9988619089126587,0.9933714866638184,0.9939202070236206,0.9934879541397095,0.995914876461029,0.9957813024520874,0.9955695271492004,0.9889287352561951,0.9936211705207825,0.9947429895401001,0.9960095882415771,0.9996377229690552,0.9989821314811707,0.9956616759300232,0.9756717085838318,0.9936188459396362,0.9445635080337524,0.9747879505157471,0.8655506372451782,0.9788925647735596,0.8737818598747253,0.9792699813842773,0.8610332012176514,0.9963074922561646,0.9966498017311096,0.5149260759353638,0.6530358791351318,0.39303597807884216,0.5145097970962524,0.32725510001182556,0.34523364901542664,0.48054078221321106,0.561083972454071
0.9968010187149048,0.9975754618644714,0.996821403503418,0.9977703094482422,0.9949613809585571,0.9913546442985535,0.9920880198478699,0.997723400592804,0.9976500868797302,0.9983466863632202,0.9977752566337585,0.9952765703201294,0.9941786527633667,0.9887352585792542,0.9957548379898071,0.9803148508071899,0.9359419345855713,0.937095582485199,0.738021731376648,0.9277279376983643,0.6982280015945435,0.9273278713226318,0.7309829592704773,0.9964794516563416,0.9950369000434875,0.5582244396209717,0.4397564232349396,0.05551300197839737,0.025363776832818985,0.05730360746383667,0.020407643169164658,0.04265570640563965,0.02658391371369362
0.9999982118606567,0.9999967813491821,0.9999972581863403,0.9999967813491821,0.9999946355819702,0.9999949932098389,0.9999934434890747,0.9999978542327881,0.9999947547912598,0.9999971389770508,0.9999946355819702,0.9999843835830688,0.9999698400497437,0.9979263544082642,0.9987194538116455,0.9999697208404541,0.9998433589935303,0.9997972846031189,0.9992716908454895,0.9997139573097229,0.999072790145874,0.9997046589851379,0.9990874528884888,0.9787710309028625,0.9736146330833435,0.0056961518712341785,0.009000872261822224,0.00014097003440838307,9.263209358323365e-05,0.0007585008861497045,0.0005803361418657005,0.00016047924873419106,0.0004851888807024807
0.9999871253967285,0.9999630451202393,0.9999810457229614,0.9999605417251587,0.9999327659606934,0.9999493360519409,0.9998704195022583,0.9999657869338989,0.9999603033065796,0.9999898672103882,0.9999860525131226,0.9999901056289673,0.9998364448547363,0.9993773102760315,0.9967256784439087,0.9995121955871582,0.9869725108146667,0.9986488223075867,0.9594782590866089,0.9987077713012695,0.9682543277740479,0.9985297918319702,0.9780690670013428,0.9993605017662048,0.9987877011299133,0.20720769464969635,0.17507264018058777,0.00040968245593830943,0.0005739444750361145,0.0012496712151914835,0.002033769618719816,0.00019263188005425036,0.0006382287247106433
0.9998525381088257,0.9999358654022217,0.9999021291732788,0.9999344348907471,0.9999502897262573,0.9999321699142456,0.9999508857727051,0.9998413324356079,0.9999051094055176,0.9998921155929565,0.9999250173568726,0.9957036375999451,0.9985564351081848,0.7856164574623108,0.8476566076278687,0.8837961554527283,0.9132170081138611,0.8289784789085388,0.8476784229278564,0.8202517628669739,0.8266746401786804,0.8191494345664978,0.793584406375885,0.9995315074920654,0.9994180202484131,0.9078308939933777,0.8623848557472229,0.6313274502754211,0.4209892451763153,0.6966347694396973,0.5007642507553101,0.7258149981498718,0.584784209728241
0.9999527931213379,0.9999200105667114,0.9999178647994995,0.9999178647994995,0.999829888343811,0.9997996687889099,0.9997227787971497,0.9999481439590454,0.9996376037597656,0.999970555305481,0.9998911619186401,0.9999710321426392,0.999327540397644,0.9850525259971619,0.8628249168395996,0.9889234900474548,0.9240254759788513,0.9739059209823608,0.904312014579773,0.9753726720809937,0.9031339287757874,0.970655083656311,0.8845135569572449,0.9997201561927795,0.9995344877243042,0.7225726842880249,0.7254959344863892,0.6879634857177734,0.7727319002151489,0.547859787940979,0.47692054510116577,0.7156721353530884,0.7635787129402161
0.9999047517776489,0.999832272529602,0.9998120665550232,0.9998133778572083,0.9997394680976868,0.9996477365493774,0.9995927214622498,0.9998470544815063,0.9992644190788269,0.9997519850730896,0.9994319081306458,0.9999101161956787,0.9994266033172607,0.9742699861526489,0.9012646079063416,0.9310871362686157,0.8791264891624451,0.8573705554008484,0.8165993094444275,0.8687236309051514,0.8292474150657654,0.8579712510108948,0.8267724514007568,0.9995133876800537,0.9991021156311035,0.3147595226764679,0.2300286591053009,0.3022080361843109,0.3038172721862793,0.19056132435798645,0.29106447100639343,0.37155041098594666,0.36977288126945496
0.9997552037239075,0.9996436834335327,0.9996708631515503,0.9996330738067627,0.9995403289794922,0.9995867609977722,0.9994810223579407,0.9996732473373413,0.9995868802070618,0.9999070167541504,0.9998517036437988,0.9996961355209351,0.9992434978485107,0.8560433983802795,0.8788400292396545,0.7656025886535645,0.7074738144874573,0.6925516724586487,0.6300491094589233,0.743705689907074,0.6882724165916443,0.7356334924697876,0.6812378764152527,0.9281167984008789,0.9109641313552856,0.1427524983882904,0.0974353477358818,0.018740588799118996,0.0255486648529768,0.01666642352938652,0.03290001302957535,0.01647798717021942,0.033572353422641754
0.9999511241912842,0.999915361404419,0.9998705387115479,0.9998855590820312,0.9998980760574341,0.9998352527618408,0.9998794794082642,0.9998025298118591,0.9998525381088257,0.9998542070388794,0.9998581409454346,0.9998331069946289,0.9996802806854248,0.9680431485176086,0.9797688126564026,0.9804933667182922,0.9918244481086731,0.943149745464325,0.9775250554084778,0.9370300769805908,0.9755609631538391,0.9162445068359375,0.9673036336898804,0.9990713596343994,0.9986761212348938,0.6158901453018188,0.5342502593994141,0.3907929062843323,0.4058636724948883,0.2886287271976471,0.35675933957099915,0.427942156791687,0.44966763257980347
0.9998252987861633,0.9991791844367981,0.9993901252746582,0.9992095232009888,0.9993818998336792,0.9995243549346924,0.999293327331543,0.9988331198692322,0.9995177984237671,0.9991674423217773,0.9993588328361511,0.9996929168701172,0.9948264956474304,0.998513400554657,0.9698456525802612,0.9978665709495544,0.8896498680114746,0.9903912544250488,0.7613255977630615,0.9923241138458252,0.7929181456565857,0.9933323264122009,0.816006600856781,0.9903181791305542,0.9874154925346375,0.2513674795627594,0.3034425675868988,0.013784851878881454,0.030248699709773064,0.020147403702139854,0.03704182803630829,0.009932282380759716,0.019331861287355423
0.9999949932098389,0.9999831914901733,0.9999828338623047,0.9999829530715942,0.9999701976776123,0.9999712705612183,0.9999696016311646,0.9999679327011108,0.9999059438705444,0.9999921321868896,0.9999886751174927,0.9999631643295288,0.9998853206634521,0.986728847026825,0.9759235978126526,0.9927512407302856,0.9923564195632935,0.9858173727989197,0.9890945553779602,0.9863536357879639,0.989482045173645,0.9820166230201721,0.9853392839431763,0.9999504089355469,0.999937891960144,0.9924564361572266,0.9922986626625061,0.983567476272583,0.9831699132919312,0.8744649291038513,0.8501702547073364,0.9773029088973999,0.979786217212677
0.9998133778572083,0.9996283054351807,0.9997076392173767,0.9997338652610779,0.9991304278373718,0.9989475607872009,0.9987737536430359,0.9997804760932922,0.9977884292602539,0.999721348285675,0.999029278755188,0.9999570846557617,0.9985989928245544,0.9971765279769897,0.989384114742279,0.9962953925132751,0.9884212017059326,0.9868040680885315,0.9638185501098633,0.9879141449928284,0.969131588935852,0.9870453476905823,0.9741955399513245,0.9974422454833984,0.9979000091552734,0.6833291053771973,0.6870421767234802,0.42787256836891174,0.5983230471611023,0.2195500135421753,0.3491226136684418,0.47553810477256775,0.5981492400169373
0.9999732971191406,0.999945878982544,0.9999468326568604,0.9999288320541382,0.9999206066131592,0.9999277591705322,0.9999071359634399,0.9999403953552246,0.9997931122779846,0.9999761581420898,0.9999439716339111,0.9999717473983765,0.9997559189796448,0.9927965998649597,0.9764004945755005,0.984902560710907,0.9960253238677979,0.9654918909072876,0.9937909245491028,0.966937243938446,0.9941410422325134,0.9617804884910583,0.9913195967674255,0.9997339844703674,0.999289870262146,0.6614316701889038,0.3712031841278076,0.5774590373039246,0.40731653571128845,0.37463077902793884,0.34979093074798584,0.6086874008178711,0.5092901587486267
0.999957799911499,0.9999278783798218,0.9999080896377563,0.9998897314071655,0.9999010562896729,0.999880313873291,0.9998764991760254,0.9998453855514526,0.9998032450675964,0.9999501705169678,0.9999310970306396,0.9998382329940796,0.9997499585151672,0.9959262609481812,0.991438627243042,0.996345579624176,0.9960636496543884,0.9862528443336487,0.9881653785705566,0.9851308465003967,0.9860197305679321,0.9754535555839539,0.9776745438575745,0.9971611499786377,0.9970434308052063,0.32084718346595764,0.31287693977355957,0.15938565135002136,0.19091534614562988,0.1828373819589615,0.19629257917404175,0.2155238687992096,0.25362005829811096
0.9999970197677612,0.9999903440475464,0.999995231628418,0.999990701675415,0.9999904632568359,0.9999942779541016,0.9999895095825195,0.9999942779541016,0.9999984502792358,0.9999959468841553,0.9999966621398926,0.9999926090240479,0.9999747276306152,0.9999650716781616,0.9992561936378479,0.999911904335022,0.9985501170158386,0.9996086955070496,0.9955505132675171,0.9995943903923035,0.9958966970443726,0.9995995163917542,0.9963047504425049,0.9997941851615906,0.9996967315673828,0.6309982538223267,0.8153136372566223,0.006911927368491888,0.016388820484280586,0.01126993540674448,0.026260634884238243,0.0021772761829197407,0.005733173340559006
0.9998076558113098,0.9996803998947144,0.9997441172599792,0.9997650980949402,0.9993792772293091,0.9992384910583496,0.9988711476325989,0.9998052716255188,0.9985712766647339,0.9998750686645508,0.9996298551559448,0.9999455213546753,0.9990239143371582,0.9966593980789185,0.9950355291366577,0.9963186979293823,0.9945132732391357,0.9884645342826843,0.9807531237602234,0.9904553294181824,0.9846932888031006,0.9903074502944946,0.9883829951286316,0.9891023635864258,0.9859636425971985,0.4302299916744232,0.29227831959724426,0.041532836854457855,0.05440792813897133,0.05457301810383797,0.03548925369977951,0.027856681495904922,0.026503704488277435
0.9999830722808838,0.9999874830245972,0.9999889135360718,0.9999836683273315,0.9999827146530151,0.9999839067459106,0.999976634979248,0.999992847442627,0.9999939203262329,0.9999756813049316,0.9999721050262451,0.9989503026008606,0.9992159605026245,0.9994505047798157,0.9990532994270325,0.9991400241851807,0.99909508228302,0.9981637597084045,0.9967405200004578,0.997975766658783,0.996248185634613,0.9980648159980774,0.9968876242637634,0.9999202489852905,0.999826967716217,0.7879723906517029,0.7562546730041504,0.01967962272465229,0.014501876197755337,0.03455162048339844,0.026705551892518997,0.007884576916694641,0.006208455190062523
0.9997275471687317,0.9998100399971008,0.9998075366020203,0.9997966885566711,0.9996392726898193,0.9996210336685181,0.9994655251502991,0.9998559951782227,0.9998965263366699,0.9998457431793213,0.9997753500938416,0.9988981485366821,0.9982689619064331,0.9937769174575806,0.9990910291671753,0.9974353909492493,0.9963483214378357,0.9929739236831665,0.9847332835197449,0.9926887154579163,0.9825446009635925,0.9918898940086365,0.9819765090942383,0.9993181228637695,0.9991143345832825,0.8684871792793274,0.8223249316215515,0.13294512033462524,0.078420490026474,0.1695171445608139,0.049045220017433167,0.05619809031486511,0.036786437034606934
0.9998080134391785,0.9997872710227966,0.9996238946914673,0.9996497631072998,0.9998002648353577,0.9996827840805054,0.999736487865448,0.9997435212135315,0.9997051358222961,0.9999434947967529,0.9999152421951294,0.9994708895683289,0.9995540976524353,0.9957391023635864,0.9935539960861206,0.9954724907875061,0.9979559183120728,0.9835000038146973,0.9926793575286865,0.98045414686203,0.9916770458221436,0.9766432046890259,0.9901900887489319,0.9987654685974121,0.9983295798301697,0.41769230365753174,0.30711162090301514,0.026111777871847153,0.046534717082977295,0.0329977311193943,0.052476558834314346,0.02826825901865959,0.055195607244968414
0.9999574422836304,0.9999622106552124,0.9999544620513916,0.9999576807022095,0.9999388456344604,0.9999129772186279,0.9999173879623413,0.9999605417251587,0.9999279975891113,0.9999128580093384,0.9998829364776611,0.9997640252113342,0.9994423985481262,0.9737734198570251,0.9545170664787292,0.9889551401138306,0.9687934517860413,0.9730422496795654,0.9304390549659729,0.9701804518699646,0.9205408692359924,0.9635275602340698,0.9134841561317444,0.9993630051612854,0.9991494417190552,0.6733567118644714,0.6544685959815979,0.44599512219429016,0.46342357993125916,0.2780662775039673,0.2998335361480713,0.45403650403022766,0.47823166847229004
0.9996931552886963,0.9994576573371887,0.9995063543319702,0.9995483756065369,0.9993078708648682,0.9993017911911011,0.9993698000907898,0.9991573095321655,0.9989197254180908,0.9993477463722229,0.9990284442901611,0.999783456325531,0.9992662072181702,0.8714296221733093,0.7275037169456482,0.7513142228126526,0.7771999835968018,0.7357631921768188,0.7465474605560303,0.7377615571022034,0.7455114126205444,0.7171610593795776,0.7158587574958801,0.9996684789657593,0.9992784857749939,0.8612752556800842,0.6810361742973328,0.9018880724906921,0.7382593154907227,0.7895228862762451,0.6876621842384338,0.9011600613594055,0.8145818114280701
0.9998171925544739,0.9992281198501587,0.9994396567344666,0.9993133544921875,0.9993020296096802,0.9994285702705383,0.9990991353988647,0.9990875720977783,0.9993628859519958,0.9993118047714233,0.9993056058883667,0.9997990727424622,0.9945942759513855,0.9981127977371216,0.9399774670600891,0.9965215921401978,0.7712118625640869,0.9852168560028076,0.6133165955543518,0.9882809519767761,0.653515636920929,0.9893536567687988,0.6756547689437866,0.9925979375839233,0.986031174659729,0.23996809124946594,0.2922018766403198,0.02423913963139057,0.03897921368479729,0.03697902336716652,0.044263433665037155,0.01819581724703312,0.024914240464568138
0.999806821346283,0.9997633099555969,0.9997462630271912,0.9998106360435486,0.9995670914649963,0.9995005130767822,0.9994283318519592,0.9998408555984497,0.9995777010917664,0.9998935461044312,0.9997426867485046,0.999679684638977,0.9982384443283081,0.9855780005455017,0.9942806959152222,0.9670236110687256,0.9578070044517517,0.9206274151802063,0.8586968779563904,0.9234262108802795,0.8364864587783813,0.9313509464263916,0.8335434794425964,0.9998216032981873,0.9997021555900574,0.6931388974189758,0.6932764649391174,0.08861308544874191,0.06829006969928741,0.08396103233098984,0.026936514303088188,0.08696842193603516,0.07863977551460266
0.9999568462371826,0.9999312162399292,0.9999231100082397,0.9999206066131592,0.9998742341995239,0.9998522996902466,0.999798595905304,0.999945878982544,0.9997809529304504,0.999968409538269,0.9999101161956787,0.9999514818191528,0.9995784163475037,0.9745338559150696,0.8868175745010376,0.9847003221511841,0.9388185143470764,0.9673265814781189,0.9200530648231506,0.9694550037384033,0.9191052913665771,0.9639601707458496,0.9044228792190552,0.9997121691703796,0.9995431900024414,0.6622240543365479,0.49520522356033325,0.5822098851203918,0.5801296234130859,0.3964240252971649,0.34467896819114685,0.6011219620704651,0.6284046769142151
0.9974700212478638,0.9960479140281677,0.9963952898979187,0.9962906837463379,0.9963500499725342,0.9972164630889893,0.9971611499786377,0.997276246547699,0.9984194040298462,0.9980164766311646,0.9977291226387024,0.9977557063102722,0.9984267950057983,0.9989169836044312,0.999004065990448,0.9974945783615112,0.9991738200187683,0.9780511856079102,0.9950916767120361,0.9713813066482544,0.9942857623100281,0.9780322313308716,0.9940021634101868,0.9898883700370789,0.9907606840133667,0.09313732385635376,0.0886666476726532,0.0008281588670797646,0.0012912619858980179,0.0020205951295793056,0.001268401276320219,0.0009217787883244455,0.0018036658875644207
0.999956488609314,0.999901533126831,0.9998761415481567,0.9998284578323364,0.9998940229415894,0.9998668432235718,0.9998592138290405,0.999805748462677,0.9998043179512024,0.9998311996459961,0.9998480081558228,0.9997876286506653,0.9998446702957153,0.8872789740562439,0.9892051219940186,0.8505402207374573,0.9837840795516968,0.769702136516571,0.9665442705154419,0.7851478457450867,0.971802294254303,0.7925248146057129,0.9718375205993652,0.9945361614227295,0.9950624108314514,0.26737576723098755,0.21208283305168152,0.2839217483997345,0.3066897988319397,0.25923991203308105,0.2917579710483551,0.39182156324386597,0.3855903744697571
0.9999951124191284,0.9999924898147583,0.9999877214431763,0.9999879598617554,0.9999942779541016,0.9999935626983643,0.999995231628418,0.9999873638153076,0.9999949932098389,0.999996542930603,0.9999973773956299,0.9999619722366333,0.9999889135360718,0.9801378846168518,0.9998495578765869,0.8292977809906006,0.9984613656997681,0.6230999827384949,0.9871101379394531,0.649689793586731,0.985673725605011,0.6647592186927795,0.9861382842063904,0.8626389503479004,0.9105035662651062,0.017071543261408806,0.009958161041140556,0.0010003299685195088,0.0006268809083849192,0.0004605147987604141,0.0009961971081793308,0.00039139779983088374,0.0007582273683510721
0.9998577833175659,0.9996817111968994,0.9996664524078369,0.9997101426124573,0.9993046522140503,0.9990645051002502,0.999072790145874,0.9997251629829407,0.9981820583343506,0.9998249411582947,0.9994913339614868,0.9999512434005737,0.9991698265075684,0.9941397905349731,0.9893367290496826,0.992672324180603,0.98188316822052,0.9763886332511902,0.9508727788925171,0.9779797792434692,0.9571816921234131,0.9748585224151611,0.962285578250885,0.9984171390533447,0.9986557960510254,0.6478380560874939,0.6678146123886108,0.49975836277008057,0.6633445024490356,0.33616602420806885,0.4372020959854126,0.5682407021522522,0.6562908291816711
0.9969712495803833,0.9952276945114136,0.9936042428016663,0.9922624826431274,0.995329737663269,0.9948899745941162,0.9950063228607178,0.9936123490333557,0.9967407584190369,0.998986542224884,0.999118983745575,0.9904012084007263,0.9967483282089233,0.7752955555915833,0.9767513275146484,0.4503636360168457,0.9471471905708313,0.3638211488723755,0.8741167187690735,0.364633172750473,0.8621258735656738,0.39890673756599426,0.8304219841957092,0.9945014715194702,0.9953060746192932,0.36991873383522034,0.48616257309913635,0.07191887497901917,0.09415201842784882,0.0654418021440506,0.05961783975362778,0.05958259478211403,0.11007580906152725
0.995952844619751,0.9966316819190979,0.9956733584403992,0.9971697926521301,0.993152379989624,0.9870172142982483,0.9884828925132751,0.9966970682144165,0.9965110421180725,0.9978177547454834,0.9970093369483948,0.9948455095291138,0.9933347702026367,0.9900726079940796,0.9950721859931946,0.9827578663825989,0.9181035161018372,0.9419195055961609,0.6606930494308472,0.9319965243339539,0.6109736561775208,0.9306411743164062,0.6539536118507385,0.9972477555274963,0.9953296184539795,0.43798649311065674,0.3801994025707245,0.027045559138059616,0.010590680874884129,0.03748628869652748,0.010562422685325146,0.024314824491739273,0.012666547670960426
0.9979708790779114,0.9960196614265442,0.9961014986038208,0.9961856007575989,0.9960583448410034,0.9954961538314819,0.9950320720672607,0.9969258904457092,0.9939872026443481,0.9989776611328125,0.9987001419067383,0.999081015586853,0.9971645474433899,0.9920147657394409,0.9426998496055603,0.9539067149162292,0.38951101899147034,0.8012020587921143,0.191484272480011,0.792253315448761,0.18989208340644836,0.8111622929573059,0.22466807067394257,0.9549669027328491,0.9423850774765015,0.0546167828142643,0.03744693472981453,0.0012169216061010957,0.002369504189118743,0.0021450866479426622,0.0038163044955581427,0.0011460219975560904,0.004740594886243343
0.9999865293502808,0.9998703002929688,0.9999371767044067,0.9998637437820435,0.9998888969421387,0.9999581575393677,0.9999226331710815,0.9999711513519287,0.9999866485595703,0.9999732971191406,0.9999722242355347,0.9999796152114868,0.9999648332595825,0.99957674741745,0.9974365830421448,0.999927282333374,0.9999188184738159,0.9990752935409546,0.9995933175086975,0.9986900687217712,0.9994035959243774,0.9988600015640259,0.9992848038673401,0.46288105845451355,0.359378844499588,0.0027541967574507,0.002776416717097163,7.693871157243848e-05,0.00010610368917696178,0.000373654329450801,0.00037002484896220267,0.00015697965864092112,0.0005291759734973311
0.9998152852058411,0.9995396137237549,0.9994853734970093,0.9995250701904297,0.9994506239891052,0.999369204044342,0.9993682503700256,0.9993864297866821,0.9982238411903381,0.9995483756065369,0.9991521835327148,0.9996551275253296,0.9996194839477539,0.9904167652130127,0.9932413101196289,0.9808465838432312,0.9930188059806824,0.9445845484733582,0.9784848093986511,0.9476824402809143,0.977185845375061,0.9383506178855896,0.9724284410476685,0.9973136782646179,0.9989413619041443,0.598072350025177,0.7402427196502686,0.4888206422328949,0.6060753464698792,0.31113460659980774,0.3458353579044342,0.5388740301132202,0.6247062683105469
